ab1791,ab1791-100UG,"RMB4,772.00",https://www.abcam.cn/datasheetproperties/availability?abId=1791
ab1791,ab1791-250UG,"RMB8,857.00",https://www.abcam.cn/datasheetproperties/availability?abId=1791
ab15580,ab15580-100UG,"RMB4,640.00",https://www.abcam.cn/datasheetproperties/availability?abId=15580
ab5694,ab5694-100UG,"RMB4,737.00",https://www.abcam.cn/datasheetproperties/availability?abId=5694
ab290,ab290-50UL,"RMB4,772.00",https://www.abcam.cn/datasheetproperties/availability?abId=290
ab8226,ab8226-100UG,"RMB4,772.00",https://www.abcam.cn/datasheetproperties/availability?abId=8226
ab8226,ab8226-10UG,"RMB1,671.00",https://www.abcam.cn/datasheetproperties/availability?abId=8226
ab7260,ab7260-50UL,"RMB4,737.00",https://www.abcam.cn/datasheetproperties/availability?abId=7260
ab8227,ab8227-50UG,"RMB4,772.00",https://www.abcam.cn/datasheetproperties/availability?abId=8227
ab6586,ab6586-100UG,"RMB4,772.00",https://www.abcam.cn/datasheetproperties/availability?abId=6586
ab8580,ab8580-50UG,"RMB4,674.00",https://www.abcam.cn/datasheetproperties/availability?abId=8580
ab15580,ab15580-100UG,"RMB4,640.00",https://www.abcam.cn/datasheetproperties/availability?abId=15580
ab1791,ab1791-100UG,"RMB4,772.00",https://www.abcam.cn/datasheetproperties/availability?abId=1791
ab1791,ab1791-250UG,"RMB8,857.00",https://www.abcam.cn/datasheetproperties/availability?abId=1791
ab5694,ab5694-100UG,"RMB4,737.00",https://www.abcam.cn/datasheetproperties/availability?abId=5694
ab290,ab290-50UL,"RMB4,772.00",https://www.abcam.cn/datasheetproperties/availability?abId=290
ab8227,ab8227-50UG,"RMB4,772.00",https://www.abcam.cn/datasheetproperties/availability?abId=8227
ab8226,ab8226-100UG,"RMB4,772.00",https://www.abcam.cn/datasheetproperties/availability?abId=8226
ab8226,ab8226-10UG,"RMB1,671.00",https://www.abcam.cn/datasheetproperties/availability?abId=8226
ab7260,ab7260-50UL,"RMB4,737.00",https://www.abcam.cn/datasheetproperties/availability?abId=7260
ab6586,ab6586-100UG,"RMB4,772.00",https://www.abcam.cn/datasheetproperties/availability?abId=6586
ab8580,ab8580-50UG,"RMB4,674.00",https://www.abcam.cn/datasheetproperties/availability?abId=8580
ab18256,ab18256-100UG,"RMB4,772.00",https://www.abcam.cn/datasheetproperties/availability?abId=18256
ab16667,ab16667-100UL,"RMB3,320.00",https://www.abcam.cn/datasheetproperties/availability?abId=16667
ab16667,ab16667-1ML,"RMB7,271.00",https://www.abcam.cn/datasheetproperties/availability?abId=16667
ab16667,ab16667-500UL,"RMB4,667.00",https://www.abcam.cn/datasheetproperties/availability?abId=16667
ab16048,ab16048-100UG,"RMB4,737.00",https://www.abcam.cn/datasheetproperties/availability?abId=16048
ab6276,ab6276-50UL,"RMB4,772.00",https://www.abcam.cn/datasheetproperties/availability?abId=6276
ab1791,ab1791-100UG,"RMB4,772.00",https://www.abcam.cn/datasheetproperties/availability?abId=1791
ab1791,ab1791-250UG,"RMB8,857.00",https://www.abcam.cn/datasheetproperties/availability?abId=1791
ab15580,ab15580-100UG,"RMB4,640.00",https://www.abcam.cn/datasheetproperties/availability?abId=15580
ab290,ab290-50UL,"RMB4,772.00",https://www.abcam.cn/datasheetproperties/availability?abId=290
ab5694,ab5694-100UG,"RMB4,737.00",https://www.abcam.cn/datasheetproperties/availability?abId=5694
ab8226,ab8226-100UG,"RMB4,772.00",https://www.abcam.cn/datasheetproperties/availability?abId=8226
ab8226,ab8226-10UG,"RMB1,671.00",https://www.abcam.cn/datasheetproperties/availability?abId=8226
ab8227,ab8227-50UG,"RMB4,772.00",https://www.abcam.cn/datasheetproperties/availability?abId=8227
ab7260,ab7260-50UL,"RMB4,737.00",https://www.abcam.cn/datasheetproperties/availability?abId=7260
ab8580,ab8580-50UG,"RMB4,674.00",https://www.abcam.cn/datasheetproperties/availability?abId=8580
ab6586,ab6586-100UG,"RMB4,772.00",https://www.abcam.cn/datasheetproperties/availability?abId=6586
ab18256,ab18256-100UG,"RMB4,772.00",https://www.abcam.cn/datasheetproperties/availability?abId=18256
ab16667,ab16667-100UL,"RMB3,320.00",https://www.abcam.cn/datasheetproperties/availability?abId=16667
ab16667,ab16667-1ML,"RMB7,271.00",https://www.abcam.cn/datasheetproperties/availability?abId=16667
ab16667,ab16667-500UL,"RMB4,667.00",https://www.abcam.cn/datasheetproperties/availability?abId=16667
ab16048,ab16048-100UG,"RMB4,737.00",https://www.abcam.cn/datasheetproperties/availability?abId=16048
ab6276,ab6276-50UL,"RMB4,772.00",https://www.abcam.cn/datasheetproperties/availability?abId=6276
ab1791,ab1791-100UG,"RMB4,772.00",https://www.abcam.cn/datasheetproperties/availability?abId=1791
ab1791,ab1791-250UG,"RMB8,857.00",https://www.abcam.cn/datasheetproperties/availability?abId=1791
ab15580,ab15580-100UG,"RMB4,640.00",https://www.abcam.cn/datasheetproperties/availability?abId=15580
ab290,ab290-50UL,"RMB4,772.00",https://www.abcam.cn/datasheetproperties/availability?abId=290
ab5694,ab5694-100UG,"RMB4,737.00",https://www.abcam.cn/datasheetproperties/availability?abId=5694
ab8226,ab8226-100UG,"RMB4,772.00",https://www.abcam.cn/datasheetproperties/availability?abId=8226
ab8227,ab8227-50UG,"RMB4,772.00",https://www.abcam.cn/datasheetproperties/availability?abId=8227
ab8226,ab8226-10UG,"RMB1,671.00",https://www.abcam.cn/datasheetproperties/availability?abId=8226
ab7260,ab7260-50UL,"RMB4,737.00",https://www.abcam.cn/datasheetproperties/availability?abId=7260
ab8580,ab8580-50UG,"RMB4,674.00",https://www.abcam.cn/datasheetproperties/availability?abId=8580
ab6586,ab6586-100UG,"RMB4,772.00",https://www.abcam.cn/datasheetproperties/availability?abId=6586
ab18256,ab18256-100UG,"RMB4,772.00",https://www.abcam.cn/datasheetproperties/availability?abId=18256
ab16667,ab16667-100UL,"RMB3,320.00",https://www.abcam.cn/datasheetproperties/availability?abId=16667
ab16667,ab16667-1ML,"RMB7,271.00",https://www.abcam.cn/datasheetproperties/availability?abId=16667
ab16667,ab16667-500UL,"RMB4,667.00",https://www.abcam.cn/datasheetproperties/availability?abId=16667
ab16048,ab16048-100UG,"RMB4,737.00",https://www.abcam.cn/datasheetproperties/availability?abId=16048
ab6276,ab6276-50UL,"RMB4,772.00",https://www.abcam.cn/datasheetproperties/availability?abId=6276
ab1791,ab1791-100UG,"RMB4,772.00",https://www.abcam.cn/datasheetproperties/availability?abId=1791
ab1791,ab1791-250UG,"RMB8,857.00",https://www.abcam.cn/datasheetproperties/availability?abId=1791
ab15580,ab15580-100UG,"RMB4,640.00",https://www.abcam.cn/datasheetproperties/availability?abId=15580
ab290,ab290-50UL,"RMB4,772.00",https://www.abcam.cn/datasheetproperties/availability?abId=290
ab5694,ab5694-100UG,"RMB4,737.00",https://www.abcam.cn/datasheetproperties/availability?abId=5694
ab8226,ab8226-100UG,"RMB4,772.00",https://www.abcam.cn/datasheetproperties/availability?abId=8226
ab8226,ab8226-10UG,"RMB1,671.00",https://www.abcam.cn/datasheetproperties/availability?abId=8226
ab8227,ab8227-50UG,"RMB4,772.00",https://www.abcam.cn/datasheetproperties/availability?abId=8227
ab7260,ab7260-50UL,"RMB4,737.00",https://www.abcam.cn/datasheetproperties/availability?abId=7260
ab1791,ab1791-100UG,"RMB4,772.00",https://www.abcam.cn/datasheetproperties/availability?abId=1791
ab1791,ab1791-250UG,"RMB8,857.00",https://www.abcam.cn/datasheetproperties/availability?abId=1791
ab15580,ab15580-100UG,"RMB4,640.00",https://www.abcam.cn/datasheetproperties/availability?abId=15580
ab290,ab290-50UL,"RMB4,772.00",https://www.abcam.cn/datasheetproperties/availability?abId=290
ab5694,ab5694-100UG,"RMB4,737.00",https://www.abcam.cn/datasheetproperties/availability?abId=5694
ab8226,ab8226-100UG,"RMB4,772.00",https://www.abcam.cn/datasheetproperties/availability?abId=8226
ab8226,ab8226-10UG,"RMB1,671.00",https://www.abcam.cn/datasheetproperties/availability?abId=8226
ab15580,ab15580-100UG,"RMB4,640.00",https://www.abcam.cn/datasheetproperties/availability?abId=15580
ab1791,ab1791-100UG,"RMB4,772.00",https://www.abcam.cn/datasheetproperties/availability?abId=1791
ab1791,ab1791-250UG,"RMB8,857.00",https://www.abcam.cn/datasheetproperties/availability?abId=1791
ab290,ab290-50UL,"RMB4,772.00",https://www.abcam.cn/datasheetproperties/availability?abId=290
ab5694,ab5694-100UG,"RMB4,737.00",https://www.abcam.cn/datasheetproperties/availability?abId=5694
ab8226,ab8226-100UG,"RMB4,772.00",https://www.abcam.cn/datasheetproperties/availability?abId=8226
ab8226,ab8226-10UG,"RMB1,671.00",https://www.abcam.cn/datasheetproperties/availability?abId=8226
ab15580,ab15580-100UG,"RMB4,640.00",https://www.abcam.cn/datasheetproperties/availability?abId=15580
ab1791,ab1791-100UG,"RMB4,772.00",https://www.abcam.cn/datasheetproperties/availability?abId=1791
ab1791,ab1791-250UG,"RMB8,857.00",https://www.abcam.cn/datasheetproperties/availability?abId=1791
ab5694,ab5694-100UG,"RMB4,737.00",https://www.abcam.cn/datasheetproperties/availability?abId=5694
ab290,ab290-50UL,"RMB4,772.00",https://www.abcam.cn/datasheetproperties/availability?abId=290
ab8226,ab8226-100UG,"RMB4,772.00",https://www.abcam.cn/datasheetproperties/availability?abId=8226
ab8226,ab8226-10UG,"RMB1,671.00",https://www.abcam.cn/datasheetproperties/availability?abId=8226
ab8227,ab8227-50UG,"RMB4,772.00",https://www.abcam.cn/datasheetproperties/availability?abId=8227
ab7260,ab7260-50UL,"RMB4,737.00",https://www.abcam.cn/datasheetproperties/availability?abId=7260
ab15580,ab15580-100UG,"RMB4,640.00",https://www.abcam.cn/datasheetproperties/availability?abId=15580
ab1791,ab1791-100UG,"RMB4,772.00",https://www.abcam.cn/datasheetproperties/availability?abId=1791
ab1791,ab1791-250UG,"RMB8,857.00",https://www.abcam.cn/datasheetproperties/availability?abId=1791
ab290,ab290-50UL,"RMB4,772.00",https://www.abcam.cn/datasheetproperties/availability?abId=290
ab5694,ab5694-100UG,"RMB4,737.00",https://www.abcam.cn/datasheetproperties/availability?abId=5694
ab8226,ab8226-100UG,"RMB4,772.00",https://www.abcam.cn/datasheetproperties/availability?abId=8226
ab8226,ab8226-10UG,"RMB1,671.00",https://www.abcam.cn/datasheetproperties/availability?abId=8226
ab8227,ab8227-50UG,"RMB4,772.00",https://www.abcam.cn/datasheetproperties/availability?abId=8227
ab7260,ab7260-50UL,"RMB4,737.00",https://www.abcam.cn/datasheetproperties/availability?abId=7260
ab8580,ab8580-50UG,"RMB4,674.00",https://www.abcam.cn/datasheetproperties/availability?abId=8580
ab6586,ab6586-100UG,"RMB4,772.00",https://www.abcam.cn/datasheetproperties/availability?abId=6586
ab18256,ab18256-100UG,"RMB4,772.00",https://www.abcam.cn/datasheetproperties/availability?abId=18256
ab16048,ab16048-100UG,"RMB4,737.00",https://www.abcam.cn/datasheetproperties/availability?abId=16048
ab16667,ab16667-100UL,"RMB3,320.00",https://www.abcam.cn/datasheetproperties/availability?abId=16667
ab16667,ab16667-1ML,"RMB7,271.00",https://www.abcam.cn/datasheetproperties/availability?abId=16667
ab16667,ab16667-500UL,"RMB4,667.00",https://www.abcam.cn/datasheetproperties/availability?abId=16667
ab6276,ab6276-50UL,"RMB4,772.00",https://www.abcam.cn/datasheetproperties/availability?abId=6276
ab8245,ab8245-100UG,"RMB4,737.00",https://www.abcam.cn/datasheetproperties/availability?abId=8245
ab8898,ab8898-100UG,"RMB4,674.00",https://www.abcam.cn/datasheetproperties/availability?abId=8898
ab177487,ab177487-100UL,"RMB4,466.00",https://www.abcam.cn/datasheetproperties/availability?abId=177487
ab177487,ab177487-40UL,"RMB2,680.00",https://www.abcam.cn/datasheetproperties/availability?abId=177487
ab177487,ab177487-10UL,RMB997,https://www.abcam.cn/datasheetproperties/availability?abId=177487
ab7291,ab7291-100UG,"RMB4,772.00",https://www.abcam.cn/datasheetproperties/availability?abId=7291
ab7291,ab7291-250UG,"RMB9,547.00",https://www.abcam.cn/datasheetproperties/availability?abId=7291
ab7291,ab7291-10UG,RMB881,https://www.abcam.cn/datasheetproperties/availability?abId=7291
ab6326,ab6326-100UG,"RMB4,737.00",https://www.abcam.cn/datasheetproperties/availability?abId=6326
ab6326,ab6326-1MG,"RMB45,002.00",https://www.abcam.cn/datasheetproperties/availability?abId=6326
